setting,task,score,documents,records,positive_rate,auroc,auprc,recall_at_5pct_fpr
test_all,harm_any_new_critical,confidence_ecdf,100,600,0.13833333333333334,0.8512852182424087,0.5951902893498885,0.5180722891566265
test_all,harm_any_new_critical,coverage_ecdf,100,600,0.13833333333333334,0.767751858497821,0.48345206666692364,0.40963855421686746
test_all,harm_any_new_critical,numeric_output_ecdf,100,600,0.13833333333333334,0.8674815315420288,0.6127617737412466,0.5180722891566265
test_all,harm_any_new_critical,risk_mean,100,600,0.13833333333333334,0.8781664375101955,0.6268015073970394,0.5903614457831325
test_all,harm_any_new_critical,risk_max,100,600,0.13833333333333334,0.8714548717112163,0.582266468811986,0.5421686746987951
test_all,harm_net_critical,confidence_ecdf,100,600,0.13333333333333333,0.8582572115384615,0.6002151472426163,0.5375
test_all,harm_net_critical,coverage_ecdf,100,600,0.13333333333333333,0.7881009615384615,0.4950452657794655,0.45
test_all,harm_net_critical,numeric_output_ecdf,100,600,0.13333333333333333,0.8737620192307692,0.6227318555479247,0.5375
test_all,harm_net_critical,risk_mean,100,600,0.13333333333333333,0.8916826923076924,0.6398526339703416,0.6125
test_all,harm_net_critical,risk_max,100,600,0.13333333333333333,0.8875120192307692,0.5895166393902742,0.5625
test_all,harm_new_critical_omission,confidence_ecdf,100,600,0.09666666666666666,0.8656317597658736,0.5637611404688057,0.6724137931034483
test_all,harm_new_critical_omission,coverage_ecdf,100,600,0.09666666666666666,0.87175531238071,0.5544851170914821,0.5689655172413793
test_all,harm_new_critical_omission,numeric_output_ecdf,100,600,0.09666666666666666,0.9236544089578828,0.682479845877473,0.6724137931034483
test_all,harm_new_critical_omission,risk_mean,100,600,0.09666666666666666,0.9276148364931925,0.6679397084827738,0.7068965517241379
test_all,harm_new_critical_omission,risk_max,100,600,0.09666666666666666,0.9100712558849726,0.5556699194200393,0.6896551724137931
test_all,harm_new_critical_substitution,confidence_ecdf,100,600,0.05333333333333334,0.7733549735915494,0.13637483289591965,0.0
test_all,harm_new_critical_substitution,coverage_ecdf,100,600,0.05333333333333334,0.5403003961267605,0.060478420630759616,0.0
test_all,harm_new_critical_substitution,numeric_output_ecdf,100,600,0.05333333333333334,0.7094520246478873,0.0908947145668423,0.0
test_all,harm_new_critical_substitution,risk_mean,100,600,0.05333333333333334,0.7369333186619719,0.11012214847962819,0.0
test_all,harm_new_critical_substitution,risk_max,100,600,0.05333333333333334,0.7461212588028169,0.1277847851941551,0.0
confirmation_half,harm_any_new_critical,confidence_ecdf,50,300,0.16,0.8280836640211638,0.6529367767348492,0.5416666666666666
confirmation_half,harm_any_new_critical,coverage_ecdf,50,300,0.16,0.7689732142857142,0.5768445921122937,0.4375
confirmation_half,harm_any_new_critical,numeric_output_ecdf,50,300,0.16,0.8557374338624338,0.66468040462246,0.4583333333333333
confirmation_half,harm_any_new_critical,risk_mean,50,300,0.16,0.8654100529100528,0.7061966861949959,0.5625
confirmation_half,harm_any_new_critical,risk_max,50,300,0.16,0.8513558201058201,0.6600231828008039,0.5416666666666666
confirmation_half,harm_net_critical,confidence_ecdf,50,300,0.15,0.8364705882352941,0.6616288914292416,0.5555555555555556
confirmation_half,harm_net_critical,coverage_ecdf,50,300,0.15,0.803050108932462,0.6015639953465043,0.4666666666666667
confirmation_half,harm_net_critical,numeric_output_ecdf,50,300,0.15,0.8645315904139433,0.6821054781617671,0.4888888888888889
confirmation_half,harm_net_critical,risk_mean,50,300,0.15,0.8849673202614379,0.7306376071403053,0.6
confirmation_half,harm_net_critical,risk_max,50,300,0.15,0.8765141612200436,0.675467530141249,0.5777777777777777
confirmation_half,harm_new_critical_omission,confidence_ecdf,50,300,0.11,0.8541028260129385,0.6148768766214205,0.6666666666666666
confirmation_half,harm_new_critical_omission,coverage_ecdf,50,300,0.11,0.8707297696061741,0.66523839318989,0.6060606060606061
confirmation_half,harm_new_critical_omission,numeric_output_ecdf,50,300,0.11,0.9092044035864261,0.7242657527946229,0.5757575757575758
confirmation_half,harm_new_critical_omission,risk_mean,50,300,0.11,0.9193054136874361,0.7551790839551903,0.6363636363636364
confirmation_half,harm_new_critical_omission,risk_max,50,300,0.11,0.9033594370673023,0.6222436334430229,0.6666666666666666
confirmation_half,harm_new_critical_substitution,confidence_ecdf,50,300,0.06333333333333334,0.7144596366360741,0.12839310879928842,0.0
confirmation_half,harm_new_critical_substitution,coverage_ecdf,50,300,0.06333333333333334,0.5551601423487544,0.07701892040560283,0.0
confirmation_half,harm_new_critical_substitution,numeric_output_ecdf,50,300,0.06333333333333334,0.6986327027533247,0.10631294557782596,0.0
confirmation_half,harm_new_critical_substitution,risk_mean,50,300,0.06333333333333334,0.717550103015546,0.13013427207832134,0.0
confirmation_half,harm_new_critical_substitution,risk_max,50,300,0.06333333333333334,0.693950177935943,0.12810723283528438,0.0
shifted_only,harm_any_new_critical,confidence_ecdf,100,500,0.166,0.850278813094103,0.6241768266046919,0.5180722891566265
shifted_only,harm_any_new_critical,coverage_ecdf,100,500,0.166,0.7473491086648754,0.49440678894920903,0.39759036144578314
shifted_only,harm_any_new_critical,numeric_output_ecdf,100,500,0.166,0.8670509375632024,0.6415091641779583,0.5180722891566265
shifted_only,harm_any_new_critical,risk_mean,100,500,0.166,0.8704458120250789,0.6446501472864216,0.5662650602409639
shifted_only,harm_any_new_critical,risk_max,100,500,0.166,0.8651584756291353,0.6052667292775313,0.5421686746987951
shifted_only,harm_net_critical,confidence_ecdf,100,500,0.16,0.8571279761904763,0.6284557083206967,0.5375
shifted_only,harm_net_critical,coverage_ecdf,100,500,0.16,0.7689136904761904,0.5054940756711778,0.4125
shifted_only,harm_net_critical,numeric_output_ecdf,100,500,0.16,0.8733779761904763,0.6505860243822547,0.5375
shifted_only,harm_net_critical,risk_mean,100,500,0.16,0.8846130952380953,0.6571070920993052,0.6125
shifted_only,harm_net_critical,risk_max,100,500,0.16,0.881532738095238,0.6120733666896231,0.5625
shifted_only,harm_new_critical_omission,confidence_ecdf,100,500,0.116,0.8624395381494774,0.5830471495458318,0.6724137931034483
shifted_only,harm_new_critical_omission,coverage_ecdf,100,500,0.116,0.8585192697768762,0.561039885330075,0.5517241379310345
shifted_only,harm_new_critical_omission,numeric_output_ecdf,100,500,0.116,0.9223747854579498,0.6995925052349896,0.6724137931034483
shifted_only,harm_new_critical_omission,risk_mean,100,500,0.116,0.9213020752067405,0.6785124493548783,0.6896551724137931
shifted_only,harm_new_critical_omission,risk_max,100,500,0.116,0.9035926041504135,0.5723281179864423,0.6896551724137931
shifted_only,harm_new_critical_substitution,confidence_ecdf,100,500,0.064,0.7636885683760684,0.14844330887066232,0.0
shifted_only,harm_new_critical_substitution,coverage_ecdf,100,500,0.064,0.5021033653846154,0.06554137827829654,0.0
shifted_only,harm_new_critical_substitution,numeric_output_ecdf,100,500,0.064,0.6976495726495727,0.10285689744299062,0.0
shifted_only,harm_new_critical_substitution,risk_mean,100,500,0.064,0.7151776175213675,0.1180052086401978,0.0
shifted_only,harm_new_critical_substitution,risk_max,100,500,0.064,0.7287326388888888,0.1364520765192143,0.0
unseen_downsample,harm_any_new_critical,confidence_ecdf,100,200,0.045,0.8330424665503199,0.42539641275923284,0.6666666666666666
unseen_downsample,harm_any_new_critical,coverage_ecdf,100,200,0.045,0.7629435718440954,0.31920144264924866,0.3333333333333333
unseen_downsample,harm_any_new_critical,numeric_output_ecdf,100,200,0.045,0.8446771378708551,0.40611672278338945,0.4444444444444444
unseen_downsample,harm_any_new_critical,risk_mean,100,200,0.045,0.837696335078534,0.42994796449341904,0.5555555555555556
unseen_downsample,harm_any_new_critical,risk_max,100,200,0.045,0.7643979057591623,0.4109016482294476,0.6666666666666666
unseen_downsample,harm_net_critical,confidence_ecdf,100,200,0.04,0.8694661458333334,0.46713555987749533,0.75
unseen_downsample,harm_net_critical,coverage_ecdf,100,200,0.04,0.8138020833333333,0.35051383672086267,0.375
unseen_downsample,harm_net_critical,numeric_output_ecdf,100,200,0.04,0.8610026041666666,0.4399976325757576,0.5
unseen_downsample,harm_net_critical,risk_mean,100,200,0.04,0.8776041666666666,0.4726584022038567,0.625
unseen_downsample,harm_net_critical,risk_max,100,200,0.04,0.8291015625000001,0.45486303846865483,0.75
unseen_downsample,harm_new_critical_omission,confidence_ecdf,100,200,0.025,0.8876923076923077,0.5423423423423424,0.8
unseen_downsample,harm_new_critical_omission,coverage_ecdf,100,200,0.025,0.9205128205128206,0.47603648424543943,0.6
unseen_downsample,harm_new_critical_omission,numeric_output_ecdf,100,200,0.025,0.9789743589743589,0.6287878787878788,0.8
unseen_downsample,harm_new_critical_omission,risk_mean,100,200,0.025,0.9456410256410257,0.594848484848485,0.8
unseen_downsample,harm_new_critical_omission,risk_max,100,200,0.025,0.8846153846153846,0.5421052631578948,0.8
unseen_downsample,harm_new_critical_substitution,confidence_ecdf,100,200,0.025,0.798974358974359,0.1445524545291755,0.2
unseen_downsample,harm_new_critical_substitution,coverage_ecdf,100,200,0.025,0.6276923076923077,0.05320536035493613,0.0
unseen_downsample,harm_new_critical_substitution,numeric_output_ecdf,100,200,0.025,0.7256410256410256,0.07702380952380952,0.2
unseen_downsample,harm_new_critical_substitution,risk_mean,100,200,0.025,0.7476923076923078,0.11762809917355373,0.4
unseen_downsample,harm_new_critical_substitution,risk_max,100,200,0.025,0.681025641025641,0.1309956939328186,0.2
