setting,task,comparison,bootstrap_repeats,auprc_delta_mean,auprc_delta_ci_low,auprc_delta_ci_high,probability_delta_positive
test_all,harm_any_new_critical,coverage_ecdf_minus_confidence_ecdf,1000,-0.10791470962020157,-0.2054608556230889,-0.012679966011582885,0.019
test_all,harm_any_new_critical,numeric_output_ecdf_minus_confidence_ecdf,1000,0.019568137886596518,-0.05828592084849961,0.10229371601926623,0.665
test_all,harm_any_new_critical,risk_mean_minus_confidence_ecdf,1000,0.037871332007590935,-0.03976541203742831,0.12921696490032383,0.807
test_all,harm_any_new_critical,risk_max_minus_confidence_ecdf,1000,-0.012447077730302564,-0.05929018183755424,0.030735058484775073,0.296
test_all,harm_net_critical,coverage_ecdf_minus_confidence_ecdf,1000,-0.10287019085344602,-0.2088226112707646,0.00029528175645808584,0.026
test_all,harm_net_critical,numeric_output_ecdf_minus_confidence_ecdf,1000,0.024993465277080976,-0.05548551279850935,0.11083780318431456,0.734
test_all,harm_net_critical,risk_mean_minus_confidence_ecdf,1000,0.0473198175323865,-0.029024310065008215,0.14027293574756058,0.874
test_all,harm_net_critical,risk_max_minus_confidence_ecdf,1000,-0.010906020408278141,-0.0640324788749547,0.03423065122339052,0.331
test_all,harm_new_critical_omission,coverage_ecdf_minus_confidence_ecdf,1000,-0.0025132621395354267,-0.12294288340056457,0.11296419626943081,0.498
test_all,harm_new_critical_omission,numeric_output_ecdf_minus_confidence_ecdf,1000,0.12381163162490531,0.03887957351406292,0.2214520329141458,0.997
test_all,harm_new_critical_omission,risk_mean_minus_confidence_ecdf,1000,0.11322207325582453,0.012710850787974829,0.22110015661495402,0.989
test_all,harm_new_critical_omission,risk_max_minus_confidence_ecdf,1000,-0.009124978110526082,-0.05581221675012832,0.02930420451630411,0.337
test_all,harm_new_critical_substitution,coverage_ecdf_minus_confidence_ecdf,1000,-0.0783212204534369,-0.14135371250379244,-0.02615069617907954,0.004
test_all,harm_new_critical_substitution,numeric_output_ecdf_minus_confidence_ecdf,1000,-0.04425141386546661,-0.09459217970570431,-0.001974471211780557,0.019
test_all,harm_new_critical_substitution,risk_mean_minus_confidence_ecdf,1000,-0.024462183468088875,-0.06961517063058094,0.015731271276954166,0.129
test_all,harm_new_critical_substitution,risk_max_minus_confidence_ecdf,1000,-0.008548706549230104,-0.02893669896415301,0.014210213087813445,0.191
confirmation_half,harm_any_new_critical,coverage_ecdf_minus_confidence_ecdf,1000,-0.07117921627176879,-0.2150920622605871,0.07143415509912389,0.152
confirmation_half,harm_any_new_critical,numeric_output_ecdf_minus_confidence_ecdf,1000,0.013918362988749742,-0.10232318992846795,0.1394077355762888,0.587
confirmation_half,harm_any_new_critical,risk_mean_minus_confidence_ecdf,1000,0.05483550523981769,-0.040919835872123146,0.16211343831378305,0.868
confirmation_half,harm_any_new_critical,risk_max_minus_confidence_ecdf,1000,0.008362820302896043,-0.06415035509819113,0.0801805613443246,0.604
confirmation_half,harm_net_critical,coverage_ecdf_minus_confidence_ecdf,1000,-0.054770113013465425,-0.19254471228372697,0.09780308739901283,0.232
confirmation_half,harm_net_critical,numeric_output_ecdf_minus_confidence_ecdf,1000,0.022318459330854766,-0.08898622237681253,0.15015337687573013,0.63
confirmation_half,harm_net_critical,risk_mean_minus_confidence_ecdf,1000,0.07072837499165749,-0.017361923059788,0.1866119240968279,0.931
confirmation_half,harm_net_critical,risk_max_minus_confidence_ecdf,1000,0.017365876880850104,-0.055810357428691476,0.09604893451196647,0.682
confirmation_half,harm_new_critical_omission,coverage_ecdf_minus_confidence_ecdf,1000,0.05678236136069485,-0.09846283212408256,0.2287850010243126,0.757
confirmation_half,harm_new_critical_omission,numeric_output_ecdf_minus_confidence_ecdf,1000,0.11308301141980148,0.003796901831786285,0.21725637680088178,0.98
confirmation_half,harm_new_critical_omission,risk_mean_minus_confidence_ecdf,1000,0.1440447539891506,0.030648438866758197,0.2626697124100227,0.991
confirmation_half,harm_new_critical_omission,risk_max_minus_confidence_ecdf,1000,0.008467543086528025,-0.056218098136118784,0.06706460928278873,0.628
confirmation_half,harm_new_critical_substitution,coverage_ecdf_minus_confidence_ecdf,1000,-0.05107206257055603,-0.1341496194444831,0.029323356293213275,0.097
confirmation_half,harm_new_critical_substitution,numeric_output_ecdf_minus_confidence_ecdf,1000,-0.020427160079397433,-0.09761077590080408,0.038729928998892445,0.274
confirmation_half,harm_new_critical_substitution,risk_mean_minus_confidence_ecdf,1000,0.0036119794478838207,-0.05597863331273817,0.0710091437288112,0.533
confirmation_half,harm_new_critical_substitution,risk_max_minus_confidence_ecdf,1000,0.0005820444446094506,-0.031228748754095825,0.04589761228706822,0.453
shifted_only,harm_any_new_critical,coverage_ecdf_minus_confidence_ecdf,1000,-0.12638533114952946,-0.224794111484358,-0.02613830295290724,0.008
shifted_only,harm_any_new_critical,numeric_output_ecdf_minus_confidence_ecdf,1000,0.021572693950360957,-0.06058730138460532,0.10203481983309518,0.708
shifted_only,harm_any_new_critical,risk_mean_minus_confidence_ecdf,1000,0.025151993866989734,-0.04061826411870941,0.10320995140668697,0.72
shifted_only,harm_any_new_critical,risk_max_minus_confidence_ecdf,1000,-0.018821025910380144,-0.06573864188638104,0.027159518358376412,0.201
shifted_only,harm_net_critical,coverage_ecdf_minus_confidence_ecdf,1000,-0.12001865396227089,-0.21858109065146797,-0.016898325353142406,0.012
shifted_only,harm_net_critical,numeric_output_ecdf_minus_confidence_ecdf,1000,0.025300466819291913,-0.04719861312011941,0.105342041080869,0.739
shifted_only,harm_net_critical,risk_mean_minus_confidence_ecdf,1000,0.03525158270388168,-0.03354996532424989,0.11492877990793644,0.81
shifted_only,harm_net_critical,risk_max_minus_confidence_ecdf,1000,-0.01704654502896313,-0.06589030380335062,0.028969243581139423,0.228
shifted_only,harm_new_critical_omission,coverage_ecdf_minus_confidence_ecdf,1000,-0.015437891604605848,-0.13113519288101244,0.11512654322582874,0.4
shifted_only,harm_new_critical_omission,numeric_output_ecdf_minus_confidence_ecdf,1000,0.12102163847104254,0.03353335433586461,0.21600854857649882,0.999
shifted_only,harm_new_critical_omission,risk_mean_minus_confidence_ecdf,1000,0.10324852430641569,0.014179493256239803,0.20711676320527939,0.992
shifted_only,harm_new_critical_omission,risk_max_minus_confidence_ecdf,1000,-0.01032610987619445,-0.05815121702226142,0.028688654066590265,0.328
shifted_only,harm_new_critical_substitution,coverage_ecdf_minus_confidence_ecdf,1000,-0.08441691382216913,-0.14812930690045448,-0.02833333544297292,0.003
shifted_only,harm_new_critical_substitution,numeric_output_ecdf_minus_confidence_ecdf,1000,-0.044178589456815964,-0.09207006829699316,-0.0015979953415540618,0.022
shifted_only,harm_new_critical_substitution,risk_mean_minus_confidence_ecdf,1000,-0.028264413587738894,-0.07681196287656508,0.012158585521537472,0.09
shifted_only,harm_new_critical_substitution,risk_max_minus_confidence_ecdf,1000,-0.011827278046659057,-0.033435836331509435,0.014602321235494256,0.127
unseen_downsample,harm_any_new_critical,coverage_ecdf_minus_confidence_ecdf,1000,-0.09405335024493161,-0.3131095786418918,0.11464538426764957,0.182
unseen_downsample,harm_any_new_critical,numeric_output_ecdf_minus_confidence_ecdf,1000,-0.01300611581598465,-0.22691800735909962,0.20023375193422926,0.442
unseen_downsample,harm_any_new_critical,risk_mean_minus_confidence_ecdf,1000,0.01831590548692615,-0.13031109919160086,0.21175037808473526,0.538
unseen_downsample,harm_any_new_critical,risk_max_minus_confidence_ecdf,1000,-0.014704256454691457,-0.04605386642193127,0.0,0.006
unseen_downsample,harm_net_critical,coverage_ecdf_minus_confidence_ecdf,1000,-0.09988853243763367,-0.3585767461735639,0.15876060449105728,0.213
unseen_downsample,harm_net_critical,numeric_output_ecdf_minus_confidence_ecdf,1000,-0.025843187066240794,-0.27928232868972575,0.2044185309325418,0.419
unseen_downsample,harm_net_critical,risk_mean_minus_confidence_ecdf,999,0.023318653115994133,-0.1610324954452992,0.2565678566469078,0.5415415415415415
unseen_downsample,harm_net_critical,risk_max_minus_confidence_ecdf,999,-0.013334269473972088,-0.05000970685303824,8.5896694977825e-05,0.028028028028028028
unseen_downsample,harm_new_critical_omission,coverage_ecdf_minus_confidence_ecdf,996,-0.03557707837312055,-0.359375,0.3302319309600863,0.4106425702811245
unseen_downsample,harm_new_critical_omission,numeric_output_ecdf_minus_confidence_ecdf,995,0.0941807862103231,-0.13333333333333341,0.3787504162504162,0.7467336683417085
unseen_downsample,harm_new_critical_omission,risk_mean_minus_confidence_ecdf,992,0.07813727502687225,-0.08333333333333337,0.375,0.7036290322580645
unseen_downsample,harm_new_critical_omission,risk_max_minus_confidence_ecdf,996,-0.0002221184749331086,-0.002711829249782062,0.001663503110829953,0.2289156626506024
unseen_downsample,harm_new_critical_substitution,coverage_ecdf_minus_confidence_ecdf,996,-0.11197436310059812,-0.3261440262992947,-0.004360005368722665,0.007028112449799197
unseen_downsample,harm_new_critical_substitution,numeric_output_ecdf_minus_confidence_ecdf,993,-0.07658523179969716,-0.2710064656570583,0.02813138071398492,0.10070493454179255
unseen_downsample,harm_new_critical_substitution,risk_mean_minus_confidence_ecdf,995,-0.022416701782273812,-0.14872238490838674,0.06890399376878607,0.30251256281407035
unseen_downsample,harm_new_critical_substitution,risk_max_minus_confidence_ecdf,994,-0.014903432540052355,-0.045196188861007174,0.0,0.0
