level,task,setting,model,n,documents,positive_rate,auroc,auprc,recall_at_5pct_fpr
component,alphabetic_mismatch,held_out_documents,confidence_only,3609,100,0.12635078969243557,0.878243916960177,0.5906554236252534,0.543859649122807
component,alphabetic_mismatch,held_out_documents,knn_only,3609,100,0.12635078969243557,0.7610330734861257,0.2601708748805168,0.1425438596491228
component,alphabetic_mismatch,held_out_documents,confidence_plus_locked_knn5,3609,100,0.12635078969243557,0.8989040651899333,0.6904475738614959,0.5833333333333334
component,alphabetic_mismatch,unseen_downsample,confidence_only,1291,100,0.1185127807900852,0.8788035425066336,0.5844486278587002,0.5424836601307189
component,alphabetic_mismatch,unseen_downsample,knn_only,1291,100,0.1185127807900852,0.7651337629369264,0.2524023957070548,0.13725490196078433
component,alphabetic_mismatch,unseen_downsample,confidence_plus_locked_knn5,1291,100,0.1185127807900852,0.8983424652813674,0.6828895432063863,0.6274509803921569
component,numeric_mismatch,held_out_documents,confidence_only,4254,100,0.07310766337564645,0.8458475396587872,0.40586764784575946,0.4662379421221865
component,numeric_mismatch,held_out_documents,knn_only,4254,100,0.07310766337564645,0.7675162871562857,0.19186056296331133,0.17684887459807075
component,numeric_mismatch,held_out_documents,confidence_plus_locked_knn5,4254,100,0.07310766337564645,0.8695396538943613,0.48680917661478335,0.5337620578778135
component,numeric_mismatch,unseen_downsample,confidence_only,1548,100,0.06782945736434108,0.8350658350658351,0.3678999759412345,0.4380952380952381
component,numeric_mismatch,unseen_downsample,knn_only,1548,100,0.06782945736434108,0.8054615054615054,0.2198220082723431,0.23809523809523808
component,numeric_mismatch,unseen_downsample,confidence_plus_locked_knn5,1548,100,0.06782945736434108,0.8812922812922813,0.4703550986279718,0.5047619047619047
component,critical_numeric_mismatch,held_out_documents,confidence_only,1925,99,0.07064935064935066,0.8662023641206062,0.469642962969679,0.4852941176470588
component,critical_numeric_mismatch,held_out_documents,knn_only,1925,99,0.07064935064935066,0.7823545852102719,0.24782830686974638,0.34558823529411764
component,critical_numeric_mismatch,held_out_documents,confidence_plus_locked_knn5,1925,99,0.07064935064935066,0.8833311412882648,0.5203437834406925,0.5441176470588235
component,critical_numeric_mismatch,unseen_downsample,confidence_only,698,99,0.06017191977077364,0.8345310685249708,0.4160508212650569,0.42857142857142855
component,critical_numeric_mismatch,unseen_downsample,knn_only,698,99,0.06017191977077364,0.8434959349593496,0.2837513121819079,0.5
component,critical_numeric_mismatch,unseen_downsample,confidence_plus_locked_knn5,698,99,0.06017191977077364,0.9081373403019745,0.47962306220961454,0.5
component,severe_error,held_out_documents,confidence_only,7291,100,0.1548484432862433,0.7920989354738275,0.5871320528896309,0.4862710363153233
component,severe_error,held_out_documents,knn_only,7291,100,0.1548484432862433,0.7701562535486363,0.3326970743177621,0.1612046058458813
component,severe_error,held_out_documents,confidence_plus_locked_knn5,7291,100,0.1548484432862433,0.8457678264076891,0.6449882427609179,0.5261293179805138
component,severe_error,unseen_downsample,confidence_only,2633,100,0.1496391948347892,0.7931421070410785,0.5844454644092991,0.49238578680203043
component,severe_error,unseen_downsample,knn_only,2633,100,0.1496391948347892,0.7792082215818792,0.3322184463903648,0.15228426395939088
component,severe_error,unseen_downsample,confidence_plus_locked_knn5,2633,100,0.1496391948347892,0.8509940306019502,0.6427389570194741,0.5253807106598984
document,harmful_delta_cer_003,held_out_documents,confidence_only,600,100,0.245,0.8418104548662732,0.7204146085602442,0.4489795918367347
document,harmful_delta_cer_003,held_out_documents,confidence_plus_reference,600,100,0.245,0.837455512006127,0.7097103254853375,0.43537414965986393
document,harmful_delta_cer_003,unseen_downsample,confidence_only,200,100,0.11,0.8189479060265578,0.47141281391887846,0.3181818181818182
document,harmful_delta_cer_003,unseen_downsample,confidence_plus_reference,200,100,0.11,0.7837078651685393,0.44897039552778023,0.3181818181818182
