setting,candidate,baseline,metric,baseline_value,candidate_value,difference,difference_ci_low,difference_ci_high,bootstrap_probability_gain,bootstrap_repeats
held_out_documents,confidence_plus_direction,confidence_only,auroc,0.8159572772198311,0.8391120675912642,0.023154790371433087,-0.009833242212416004,0.05635020347452205,0.924,2000
held_out_documents,confidence_plus_direction,confidence_only,auprc,0.8295155219197662,0.8454326442376137,0.015917122317847476,-0.006183680861147303,0.038766185363354716,0.9215,2000
held_out_documents,confidence_plus_direction,confidence_only,recall_at_5pct_fpr,0.47549019607843135,0.49019607843137253,0.01470588235294118,-0.036375598086124415,0.08411330619043213,0.728,2000
unseen_contrast_control,confidence_plus_direction,confidence_only,auroc,0.5476543209876543,0.5930864197530864,0.04543209876543208,-0.10336821451929364,0.16969804226038232,0.729,2000
unseen_contrast_control,confidence_plus_direction,confidence_only,auprc,0.12457491972600407,0.14337571061313184,0.018800790887127772,-0.022035973030053026,0.11825068362631468,0.7995,2000
unseen_contrast_control,confidence_plus_direction,confidence_only,recall_at_5pct_fpr,0.06666666666666667,0.13333333333333333,0.06666666666666667,0.0,0.1875,0.3685,2000
unseen_downsample_shift,confidence_plus_direction,confidence_only,auroc,0.9293091168091169,0.9042022792022794,-0.025106837606837518,-0.04705828778816973,-0.0040875603416358685,0.0125,2000
unseen_downsample_shift,confidence_plus_direction,confidence_only,auprc,0.9290979571669742,0.9034982419837122,-0.025599715183261984,-0.04916080697874373,-0.005074791064776868,0.003,2000
unseen_downsample_shift,confidence_plus_direction,confidence_only,recall_at_5pct_fpr,0.6805555555555556,0.6944444444444444,0.01388888888888884,-0.1466764705882353,0.052631578947368474,0.294,2000
